apr2015_C5,2015-04-28 0:00:00,"C5","K. Fair  A. Wobbleton","11:07:00","16:33:00",7.0,20.0,10.0,100.0,250.0,,,,,30.0,64.0,52.0,"1",30.0,,
apr2015_C6,2015-04-28 0:00:00,"C6","K. Fair  A. Wobbleton","11:07:00","16:33:00",7.0,18.0,20.0,170.0,220.0,,,,,25.0,,,,,"scarping base of dune",
apr2015_C7,2015-04-28 0:00:00,"C7","K. Fair  A. Wobbleton","11:07:00","16:33:00",2.0,22.0,20.0,90.0,550.0,,,,,30.0,,,,,"scarping base of dune",
apr2015_C8,2015-04-28 0:00:00,"C8","K. Fair  A. Wobbleton","11:07:00","16:33:00",11.0,18.0,10.0,80.0,160.0,,,,,30.0,,,,,"scarping base of dune",
apr2015_C9,2015-04-28 0:00:00,"C9","K. Fair  A. Wobbleton","11:07:00","16:33:00",4.0,17.0,10.0,30.0,260.0,,,,,25.0,,,,,"scarping base of dune",
apr2015_T1,2015-04-28 0:00:00,"T1","K. Fair  A. Wobbleton","11:07:00","16:33:00",10.0,14.0,20.0,30.0,170.0,,,,0.0,25.0,73.0,57.0,"1",30.0,"9 inch berm",
apr2015_T10,2015-04-28 0:00:00,"T10","K. Fair  A. Wobbleton","11:07:00","16:33:00",4.0,24.0,10.0,160.0,490.0,,,,,,68.0,51.0,"1",30.0,"10 inch berm",
apr2015_T11,2015-04-28 0:00:00,"T11","K. Fair  A. Wobbleton","11:07:00","16:33:00",9.0,16.0,40.0,190.0,230.0,,,,,30.0,,,,,"eroded berm",
apr2015_T12,2015-04-28 0:00:00,"T12","K. Fair  A. Wobbleton","11:07:00","16:33:00",7.0,15.0,10.0,100.0,390.0,,,,,30.0,,,,,"3 in berm",
apr2015_T13,2015-04-28 0:00:00,"T13","K. Fair  A. Wobbleton","11:07:00","16:33:00",5.0,13.0,20.0,160.0,360.0,,,,,25.0,,,,,,
apr2015_T14,2015-04-28 0:00:00,"T14","K. Fair  A. Wobbleton","11:07:00","16:33:00",9.0,9.0,20.0,180.0,230.0,,,,,20.0,,,,,,
apr2015_T15,2015-04-28 0:00:00,"T15","K. Fair  A. Wobbleton","11:07:00","16:33:00",6.0,15.0,40.0,180.0,470.0,,,,,30.0,67.0,55.0,"1",30.0,,
apr2015_T16,2015-04-28 0:00:00,"T16","K. Fair  A. Wobbleton","11:07:00","16:33:00",6.0,14.0,10.0,95.0,470.0,,,,,,71.0,54.0,"1",30.0,"reconstructed dune with sea oats, erroded berm",
apr2015_T2,2015-04-28 0:00:00,"T2","K. Fair  A. Wobbleton","11:07:00","16:33:00",6.0,19.0,10.0,40.0,40.0,,,,,,,,,,"eroded berm",
apr2015_T3,2015-04-28 0:00:00,"T3","K. Fair  A. Wobbleton","11:07:00","16:33:00",8.0,25.0,30.0,100.0,340.0,,,,,,,,,,,
apr2015_T4,2015-04-28 0:00:00,"T4","K. Fair  A. Wobbleton","11:07:00","16:33:00",2.0,15.0,10.0,100.0,330.0,,,,,,,,,,,
apr2015_T5,2015-04-28 0:00:00,"T5","K. Fair  A. Wobbleton","11:07:00","16:33:00",14.0,15.0,20.0,120.0,180.0,,,,,,70.0,53.0,"1",30.0,"angled sandbar",
apr2015_T6,2015-04-28 0:00:00,"T6","K. Fair  A. Wobbleton","11:07:00","16:33:00",5.0,21.0,20.0,120.0,600.0,,,,,,,,,,"eroded berm",
apr2015_T7,2015-04-28 0:00:00,"T7","K. Fair  A. Wobbleton","11:07:00","16:33:00",4.0,15.0,10.0,100.0,290.0,,,,,25.0,,,,,"eroded berm",
apr2015_T8,2015-04-28 0:00:00,"T8","K. Fair  A. Wobbleton","11:07:00","16:33:00",19.0,15.0,30.0,200.0,290.0,,,,,30.0,,,,,"10 inch berm",
apr2015_T9,2015-04-28 0:00:00,"T9","K. Fair  A. Wobbleton","11:07:00","16:33:00",10.0,19.0,8.0,40.0,310.0,,,,,,,,,,"10 inch berm",
apr2017_C1,2017-04-27 0:00:00,"C1","Corbett  Galloway  Gibbons  Kelly","15:12:00","9:08:00",5.0,13.0,40.0,240.0,300.0,40.0,140.0,300.0,,40.0,82.0,60.0,"2-4",29.0,,12:37:00
apr2017_C10,2017-04-27 0:00:00,"C10","Corbett  Galloway  Gibbons  Kelly","15:12:00","9:08:00",3.0,17.0,60.0,120.0,280.0,50.0,150.0,240.0,,30.0,76.0,59.0,"2-4",29.0,,11:22:00
apr2017_C11,2017-04-27 0:00:00,"C11","Corbett  Galloway  Gibbons  Kelly","15:12:00","9:08:00",2.0,31.0,30.0,126.0,130.0,60.0,140.0,140.0,,40.0,76.0,61.0,"2-4",29.0,,10:40:00
apr2017_C2,2017-04-27 0:00:00,"C2","Corbett  Galloway  Gibbons  Kelly","15:12:00","9:08:00",3.0,15.0,80.0,220.0,300.0,20.0,40.0,240.0,,50.0,,,,,,12:28:00
apr2017_C3,2017-04-27 0:00:00,"C3","Corbett  Galloway  Gibbons  Kelly","15:12:00","9:08:00",5.0,14.0,60.0,240.0,300.0,20.0,120.0,180.0,18.0,,,,,,,12:25:00
apr2017_C4,2017-04-27 0:00:00,"C4","Corbett  Galloway  Gibbons  Kelly","15:12:00","9:08:00",3.0,19.0,40.0,60.0,200.0,40.0,80.0,100.0,,,,,,,,12:13:00
apr2017_C5,2017-04-27 0:00:00,"C5","Corbett  Galloway  Gibbons  Kelly","15:12:00","9:08:00",8.0,18.0,20.0,60.0,300.0,20.0,60.0,80.0,,40.0,78.0,59.0,"2-4",29.0,,12:00:00
apr2017_C6,2017-04-27 0:00:00,"C6","Corbett  Galloway  Gibbons  Kelly","15:12:00","9:08:00",5.0,20.0,40.0,120.0,300.0,20.0,80.0,100.0,,,,,,,,11:56:00
apr2017_C7,2017-04-27 0:00:00,"C7","Corbett  Galloway  Gibbons  Kelly","15:12:00","9:08:00",10.0,16.0,60.0,180.0,300.0,80.0,80.0,160.0,,,,,,,,11:48:00
apr2017_C8,2017-04-27 0:00:00,"C8","Corbett  Galloway  Gibbons  Kelly","15:12:00","9:08:00",5.0,13.0,80.0,180.0,300.0,40.0,140.0,300.0,,,,,,,,11:40:00
apr2017_C9,2017-04-27 0:00:00,"C9","Corbett  Galloway  Gibbons  Kelly","15:12:00","9:08:00",7.0,15.0,60.0,180.0,300.0,80.0,140.0,300.0,,,,,,,,11:38:00
apr2017_T1,2017-04-27 0:00:00,"T1","Corbett  Galloway  Gibbons  Kelly","15:12:00","9:08:00",3.0,15.0,100.0,180.0,300.0,40.0,100.0,240.0,,60.0,82.0,62.0,"2-4",29.0,,13:20:00
apr2017_T10,2017-04-27 0:00:00,"T10","Corbett  Galloway  Gibbons  Kelly","15:12:00","9:08:00",5.0,8.0,80.0,280.0,300.0,40.0,160.0,280.0,,40.0,74.0,59.0,"2-4",30.0,,14:36:00
apr2017_T11,2017-04-27 0:00:00,"T11","Corbett  Galloway  Gibbons  Kelly","15:12:00","9:08:00",,8.0,120.0,300.0,300.0,60.0,80.0,140.0,,30.0,,,,,,14:46:00
apr2017_T12,2017-04-27 0:00:00,"T12","Corbett  Galloway  Gibbons  Kelly","15:12:00","9:08:00",5.0,7.0,80.0,280.0,300.0,40.0,100.0,120.0,,40.0,,,,,,14:53:00
apr2017_T13,2017-04-27 0:00:00,"T13","Corbett  Galloway  Gibbons  Kelly","15:12:00","9:08:00",8.0,11.0,60.0,240.0,300.0,40.0,100.0,220.0,,30.0,,,,,,15:00:00
apr2017_T14,2017-04-27 0:00:00,"T14","Corbett  Galloway  Gibbons  Kelly","15:12:00","9:08:00",3.0,11.0,100.0,260.0,300.0,20.0,80.0,200.0,,30.0,,,,,,15:08:00
apr2017_T15,2017-04-27 0:00:00,"T15","Corbett  Galloway  Gibbons  Kelly","15:12:00","9:08:00",8.0,8.0,120.0,300.0,300.0,20.0,80.0,120.0,,30.0,74.0,59.0,"2-3",32.0,,15:15:00
apr2017_T16,2017-04-27 0:00:00,"T16","Corbett  Galloway  Gibbons  Kelly","15:12:00","9:08:00",3.0,9.0,100.0,240.0,300.0,20.0,60.0,160.0,,30.0,74.0,59.0,"2-3",31.0,,15:20:00
apr2017_T2,2017-04-27 0:00:00,"T2","Corbett  Galloway  Gibbons  Kelly","15:12:00","9:08:00",3.0,18.0,60.0,220.0,300.0,60.0,120.0,240.0,,60.0,82.0,62.0,"2-4",29.0,,13:30:00
apr2017_T3,2017-04-27 0:00:00,"T3","Corbett  Galloway  Gibbons  Kelly","15:12:00","9:08:00",7.0,14.0,80.0,280.0,300.0,40.0,100.0,280.0,,50.0,,,,,,13:38:00
apr2017_T4,2017-04-27 0:00:00,"T4","Corbett  Galloway  Gibbons  Kelly","15:12:00","9:08:00",8.0,15.0,60.0,260.0,300.0,40.0,140.0,160.0,,50.0,,,,,,13:45:00
apr2017_T5,2017-04-27 0:00:00,"T5","Corbett  Galloway  Gibbons  Kelly","15:12:00","9:08:00",5.0,10.0,80.0,280.0,300.0,70.0,100.0,240.0,,40.0,74.0,59.0,"2-4",30.0,,13:53:00
apr2017_T6,2017-04-27 0:00:00,"T6","Corbett  Galloway  Gibbons  Kelly","15:12:00","9:08:00",8.0,9.0,100.0,260.0,300.0,60.0,120.0,300.0,,30.0,,,,,,14:00:00
apr2017_T7,2017-04-27 0:00:00,"T7","Corbett  Galloway  Gibbons  Kelly","15:12:00","9:08:00",10.0,11.0,80.0,220.0,300.0,60.0,140.0,260.0,,30.0,,,,,,14:10:00
apr2017_T8,2017-04-27 0:00:00,"T8","Corbett  Galloway  Gibbons  Kelly","15:12:00","9:08:00",5.0,11.0,80.0,240.0,300.0,60.0,100.0,240.0,,40.0,,,,,,14:19:00
apr2017_T9,2017-04-27 0:00:00,"T9","Corbett  Galloway  Gibbons  Kelly","15:12:00","9:08:00",7.0,9.0,80.0,280.0,300.0,60.0,240.0,240.0,,40.0,,,,,,14:28:00
aug2015_C1,2015-08-04 0:00:00,"C1","K. Fair  W. Murray  Z. Carroll","5:56:00","11:39:00",4.0,13.0,0.0,70.0,150.0,,,,10.0,15.0,,,,35.0,,
aug2015_C10,2015-08-04 0:00:00,"C10","K. Fair  W. Murray  Z. Carroll","5:56:00","11:39:00",3.0,21.0,10.0,100.0,320.0,,,,,,,,"2",27.0,,
aug2015_C11,2015-08-04 0:00:00,"C11","K. Fair  W. Murray  Z. Carroll","5:56:00","11:39:00",5.0,19.0,0.0,200.0,560.0,,,,,,,,"2",35.0,,
aug2015_C2,2015-08-04 0:00:00,"C2","K. Fair  W. Murray  Z. Carroll","5:56:00","11:39:00",10.0,,0.0,0.0,80.0,,,,,15.0,,,,,,
aug2015_C3,2015-08-04 0:00:00,"C3","K. Fair  W. Murray  Z. Carroll","5:56:00","11:39:00",2.0,21.0,0.0,0.0,320.0,,,,,,,,,,,
aug2015_C4,2015-08-04 0:00:00,"C4","K. Fair  W. Murray  Z. Carroll","5:56:00","11:39:00",5.0,25.0,0.0,180.0,320.0,,,,,,,,,,,
aug2015_C5,2015-08-04 0:00:00,"C5","K. Fair  W. Murray  Z. Carroll","5:56:00","11:39:00",5.0,12.0,10.0,200.0,320.0,,,,,10.0,,,"2",35.0,"eroded dune face",
aug2015_C6,2015-08-04 0:00:00,"C6","K. Fair  W. Murray  Z. Carroll","5:56:00","11:39:00",5.0,,0.0,120.0,560.0,,,,,10.0,,,,,,
aug2015_C7,2015-08-04 0:00:00,"C7","K. Fair  W. Murray  Z. Carroll","5:56:00","11:39:00",1.0,22.0,10.0,60.0,560.0,,,,,,,,,,,
aug2015_C8,2015-08-04 0:00:00,"C8","K. Fair  W. Murray  Z. Carroll","5:56:00","11:39:00",5.0,22.0,0.0,150.0,240.0,,,,,,,,,,,
aug2015_C9,2015-08-04 0:00:00,"C9","K. Fair  W. Murray  Z. Carroll","5:56:00","11:39:00",6.0,15.0,20.0,120.0,320.0,,,,10.0,,,,,,,
aug2015_T1,2015-08-04 0:00:00,"T1","K. Fair  W. Murray  Z. Carroll","5:56:00","11:39:00",-1.0,20.0,0.0,60.0,120.0,,,,17.0,,,,"2",33.0,,
aug2015_T10,2015-08-04 0:00:00,"T10","K. Fair  W. Murray  Z. Carroll","5:56:00","11:39:00",4.0,12.0,0.0,0.0,40.0,,,,,15.0,,,"2",35.0,,
aug2015_T11,2015-08-04 0:00:00,"T11","K. Fair  W. Murray  Z. Carroll","5:56:00","11:39:00",3.0,30.0,0.0,80.0,260.0,,,,,,,,,,,
aug2015_T12,2015-08-04 0:00:00,"T12","K. Fair  W. Murray  Z. Carroll","5:56:00","11:39:00",4.0,23.0,0.0,50.0,120.0,,,,,,,,,,,
aug2015_T13,2015-08-04 0:00:00,"T13","K. Fair  W. Murray  Z. Carroll","5:56:00","11:39:00",-1.0,19.0,0.0,80.0,100.0,,,,,,,,,,,
aug2015_T14,2015-08-04 0:00:00,"T14","K. Fair  W. Murray  Z. Carroll","5:56:00","11:39:00",5.0,15.0,0.0,40.0,180.0,,,,,,,,,,,
aug2015_T15,2015-08-04 0:00:00,"T15","K. Fair  W. Murray  Z. Carroll","5:56:00","11:39:00",-4.0,17.0,0.0,60.0,180.0,,,,,,,,"2",34.0,,
aug2015_T16,2015-08-04 0:00:00,"T16","K. Fair  W. Murray  Z. Carroll","5:56:00","11:39:00",5.0,16.0,0.0,40.0,320.0,,,,,,,,,35.0,"reconstructed dune",
aug2015_T2,2015-08-04 0:00:00,"T2","K. Fair  W. Murray  Z. Carroll","5:56:00","11:39:00",2.0,19.0,0.0,80.0,160.0,,,,,,,,,,,
aug2015_T3,2015-08-04 0:00:00,"T3","K. Fair  W. Murray  Z. Carroll","5:56:00","11:39:00",4.0,19.0,0.0,30.0,280.0,,,,,,,,,,,
aug2015_T4,2015-08-04 0:00:00,"T4","K. Fair  W. Murray  Z. Carroll","5:56:00","11:39:00",5.0,24.0,0.0,30.0,50.0,,,,,,,,,,,
aug2015_T5,2015-08-04 0:00:00,"T5","K. Fair  W. Murray  Z. Carroll","5:56:00","11:39:00",12.0,18.0,0.0,100.0,490.0,,,,,,,,"2",34.0,,
aug2015_T6,2015-08-04 0:00:00,"T6","K. Fair  W. Murray  Z. Carroll","5:56:00","11:39:00",5.0,18.0,0.0,120.0,360.0,,,,,,,,,,"reconstructed dredge dune",
aug2015_T7,2015-08-04 0:00:00,"T7","K. Fair  W. Murray  Z. Carroll","5:56:00","11:39:00",4.0,21.0,10.0,140.0,560.0,,,,,,,,,,,
aug2015_T8,2015-08-04 0:00:00,"T8","K. Fair  W. Murray  Z. Carroll","5:56:00","11:39:00",3.0,17.0,20.0,240.0,280.0,,,,,,,,,,,
aug2015_T9,2015-08-04 0:00:00,"T9","K. Fair  W. Murray  Z. Carroll","5:56:00","11:39:00",6.0,10.0,0.0,40.0,40.0,,,,,20.0,,,,,,
aug2016_C1,2016-08-09 0:00:00,"C1","Corbett  Walsh  Chase  Gibbons  Kelly","6:28:00","12:54:00",,,10.0,30.0,100.0,30.0,120.0,280.0,24.0,40.0,88.0,79.0,"1-3",25.0,,12:40:00
aug2016_C10,2016-08-09 0:00:00,"C10","Corbett  Walsh  Chase  Gibbons  Kelly","6:28:00","12:54:00",9.0,19.0,20.0,180.0,300.0,60.0,90.0,180.0,,80.0,80.0,80.0,"1-3",27.0,"GPS not working great. Was able to to top of swash to mid - beach",22:39:00
aug2016_C11,2016-08-09 0:00:00,"C11","Corbett  Walsh  Chase  Gibbons  Kelly","6:28:00","12:54:00",7.0,16.0,20.0,120.0,240.0,20.0,160.0,140.0,,100.0,80.0,77.0,"1-3",27.0,"mid-beach naming convention: c11-mid      etc.. With all other transects",22:11:00
aug2016_C2,2016-08-09 0:00:00,"C2","Corbett  Walsh  Chase  Gibbons  Kelly","6:28:00","12:54:00",15.0,17.0,20.0,40.0,80.0,40.0,140.0,200.0,24.0,40.0,,,,,,12:32:00
aug2016_C3,2016-08-09 0:00:00,"C3","Corbett  Walsh  Chase  Gibbons  Kelly","6:28:00","12:54:00",11.0,17.0,20.0,60.0,220.0,30.0,100.0,220.0,8.0,,,,,,,12:21:00
aug2016_C4,2016-08-09 0:00:00,"C4","Corbett  Walsh  Chase  Gibbons  Kelly","6:28:00","12:54:00",10.0,15.0,50.0,120.0,300.0,30.0,120.0,140.0,8.0,,,,,,,12:10:00
aug2016_C5,2016-08-09 0:00:00,"C5","Corbett  Walsh  Chase  Gibbons  Kelly","6:28:00","12:54:00",5.0,17.0,20.0,120.0,240.0,40.0,140.0,300.0,8.0,70.0,85.0,77.0,"1-3",27.0,,12:00:00
aug2016_C6,2016-08-09 0:00:00,"C6","Corbett  Walsh  Chase  Gibbons  Kelly","6:28:00","12:54:00",8.0,14.0,20.0,100.0,180.0,30.0,120.0,260.0,,40.0,,,,,,23:43:00
aug2016_C7,2016-08-09 0:00:00,"C7","Corbett  Walsh  Chase  Gibbons  Kelly","6:28:00","12:54:00",10.0,16.0,30.0,100.0,120.0,30.0,200.0,300.0,,20.0,,,,,,23:30:00
aug2016_C8,2016-08-09 0:00:00,"C8","Corbett  Walsh  Chase  Gibbons  Kelly","6:28:00","12:54:00",12.0,17.0,20.0,140.0,280.0,20.0,180.0,300.0,,30.0,,,,,,23:17:00
aug2016_C9,2016-08-09 0:00:00,"C9","Corbett  Walsh  Chase  Gibbons  Kelly","6:28:00","12:54:00",10.0,17.0,40.0,120.0,280.0,40.0,180.0,220.0,,60.0,,,,,"VRS worked - mifi taped on UTV",23:02:00
aug2016_T1,2016-08-09 0:00:00,"T1","Corbett  Walsh  Chase  Gibbons  Kelly","6:28:00","12:54:00",8.0,16.0,20.0,40.0,80.0,20.0,80.0,100.0,,50.0,86.0,79.0,"1-3",26.0,,13:13:00
aug2016_T10,2016-08-09 0:00:00,"T10","Corbett  Walsh  Chase  Gibbons  Kelly","6:28:00","12:54:00",2.0,11.0,40.0,80.0,200.0,40.0,160.0,120.0,,,90.0,80.0,"1-3",26.0,,14:33:00
aug2016_T11,2016-08-09 0:00:00,"T11","Corbett  Walsh  Chase  Gibbons  Kelly","6:28:00","12:54:00",3.0,13.0,40.0,140.0,160.0,20.0,120.0,180.0,,30.0,,,,,,14:45:00
aug2016_T12,2016-08-09 0:00:00,"T12","Corbett  Walsh  Chase  Gibbons  Kelly","6:28:00","12:54:00",3.0,11.0,20.0,40.0,140.0,20.0,180.0,300.0,18.0,40.0,,,,,,14:52:00
aug2016_T13,2016-08-09 0:00:00,"T13","Corbett  Walsh  Chase  Gibbons  Kelly","6:28:00","12:54:00",3.0,13.0,30.0,80.0,160.0,30.0,140.0,200.0,,40.0,,,,,,15:00:00
aug2016_T14,2016-08-09 0:00:00,"T14","Corbett  Walsh  Chase  Gibbons  Kelly","6:28:00","12:54:00",3.0,12.0,20.0,100.0,200.0,20.0,120.0,220.0,,30.0,,,,,,15:10:00
aug2016_T15,2016-08-09 0:00:00,"T15","Corbett  Walsh  Chase  Gibbons  Kelly","6:28:00","12:54:00",3.0,15.0,20.0,100.0,280.0,40.0,140.0,300.0,,40.0,88.0,80.0,"2-3",25.0,,15:33:00
aug2016_T16,2016-08-09 0:00:00,"T16","Corbett  Walsh  Chase  Gibbons  Kelly","6:28:00","12:54:00",5.0,14.0,40.0,120.0,260.0,40.0,80.0,200.0,,50.0,88.0,81.0,"2-3",25.0,"14 inch berm; scarp nearby",15:33:00
aug2016_T2,2016-08-09 0:00:00,"T2","Corbett  Walsh  Chase  Gibbons  Kelly","6:28:00","12:54:00",5.0,20.0,20.0,40.0,180.0,40.0,120.0,120.0,,,,,,,,13:24:00
aug2016_T3,2016-08-09 0:00:00,"T3","Corbett  Walsh  Chase  Gibbons  Kelly","6:28:00","12:54:00",5.0,12.0,40.0,100.0,200.0,30.0,80.0,240.0,,40.0,,,,,,13:33:00
aug2016_T4,2016-08-09 0:00:00,"T4","Corbett  Walsh  Chase  Gibbons  Kelly","6:28:00","12:54:00",5.0,18.0,20.0,60.0,160.0,40.0,120.0,280.0,,40.0,,,,,,13:41:00
aug2016_T5,2016-08-09 0:00:00,"T5","Corbett  Walsh  Chase  Gibbons  Kelly","6:28:00","12:54:00",4.0,17.0,20.0,60.0,100.0,20.0,140.0,220.0,,40.0,88.0,82.0,"1-3",26.0,"ghost crabs are near top of swash",13:50:00
aug2016_T6,2016-08-09 0:00:00,"T6","Corbett  Walsh  Chase  Gibbons  Kelly","6:28:00","12:54:00",3.0,19.0,30.0,60.0,140.0,30.0,160.0,220.0,,40.0,,,,,,
aug2016_T7,2016-08-09 0:00:00,"T7","Corbett  Walsh  Chase  Gibbons  Kelly","6:28:00","12:54:00",3.0,14.0,30.0,60.0,140.0,40.0,160.0,180.0,,40.0,,,,,,14:05:00
aug2016_T8,2016-08-09 0:00:00,"T8","Corbett  Walsh  Chase  Gibbons  Kelly","6:28:00","12:54:00",5.0,10.0,20.0,60.0,200.0,20.0,140.0,280.0,18.0,40.0,,,,,,14:15:00
aug2016_T9,2016-08-09 0:00:00,"T9","Corbett  Walsh  Chase  Gibbons  Kelly","6:28:00","12:54:00",3.0,15.0,30.0,60.0,100.0,40.0,160.0,260.0,,30.0,,,,,,14:25:00
aug2017_C1,2017-08-04 0:00:00,"C1","Dr. Corbett  Talor Galloway  Anna Poston  Noah Corbett","14:25:00","8:34:00",5.0,9.0,20.0,120.0,240.0,10.0,80.0,200.0,0.0,30.0,83.0,73.0,"1-2",32.0,,13:06:00
aug2017_C10,2017-08-04 0:00:00,"C10","Dr. Corbett  Talor Galloway  Anna Poston  Noah Corbett","14:25:00","8:34:00",10.0,38.0,120.0,70.0,190.0,110.0,150.0,180.0,,10.0,,,,,"GIS #16 midbeach",10:37:00
aug2017_C11,2017-08-04 0:00:00,"C11","Dr. Corbett  Talor Galloway  Anna Poston  Noah Corbett","14:25:00","8:34:00",5.0,12.0,24.0,102.0,176.0,60.0,70.0,280.0,60.0,15.0,76.0,69.0,"2",30.0,"GIS #16 midbeach",10:00:00
aug2017_C2,2017-08-04 0:00:00,"C2","Dr. Corbett  Talor Galloway  Anna Poston  Noah Corbett","14:25:00","8:34:00",2.0,10.0,10.0,120.0,280.0,10.0,80.0,120.0,14.0,40.0,,,,,,12:50:00
aug2017_C3,2017-08-04 0:00:00,"C3","Dr. Corbett  Talor Galloway  Anna Poston  Noah Corbett","14:25:00","8:34:00",7.0,10.0,40.0,240.0,300.0,70.0,200.0,240.0,14.0,,,,,,,12:42:00
aug2017_C4,2017-08-04 0:00:00,"C4","Dr. Corbett  Talor Galloway  Anna Poston  Noah Corbett","14:25:00","8:34:00",5.0,5.0,10.0,200.0,240.0,30.0,70.0,160.0,,20.0,,,,,,12:24:00
aug2017_C5,2017-08-04 0:00:00,"C5","Dr. Corbett  Talor Galloway  Anna Poston  Noah Corbett","14:25:00","8:34:00",3.0,6.0,6.0,10.0,40.0,30.0,190.0,200.0,14.0,30.0,85.0,73.0,"2-3",30.0,,12:15:00
aug2017_C6,2017-08-04 0:00:00,"C6","Dr. Corbett  Talor Galloway  Anna Poston  Noah Corbett","14:25:00","8:34:00",7.0,8.0,10.0,180.0,210.0,10.0,70.0,160.0,15.0,25.0,,,,,,11:59:00
aug2017_C7,2017-08-04 0:00:00,"C7","Dr. Corbett  Talor Galloway  Anna Poston  Noah Corbett","14:25:00","8:34:00",3.0,6.0,80.0,180.0,300.0,20.0,80.0,140.0,24.0,25.0,,,,,,11:38:00
aug2017_C8,2017-08-04 0:00:00,"C8","Dr. Corbett  Talor Galloway  Anna Poston  Noah Corbett","14:25:00","8:34:00",5.0,9.0,40.0,180.0,300.0,20.0,76.0,150.0,,20.0,,,,,"GIS #12",11:16:00
aug2017_C9,2017-08-04 0:00:00,"C9","Dr. Corbett  Talor Galloway  Anna Poston  Noah Corbett","14:25:00","8:34:00",7.0,37.0,40.0,50.0,160.0,40.0,140.0,190.0,,10.0,,,,,"GIS #14",11:00:00
aug2017_T1,2017-08-04 0:00:00,"T1","Dr. Corbett  Talor Galloway  Anna Poston  Noah Corbett","14:25:00","8:34:00",7.0,14.0,20.0,120.0,260.0,10.0,120.0,180.0,,30.0,87.0,72.0,"2",30.0,"GIS #13",13:31:00
aug2017_T10,2017-08-04 0:00:00,"T10","Dr. Corbett  Talor Galloway  Anna Poston  Noah Corbett","14:25:00","8:34:00",10.0,14.0,40.0,160.0,200.0,20.0,80.0,260.0,,,82.0,70.0,"2",30.0,"GIS #6",15:41:00
aug2017_T11,2017-08-04 0:00:00,"T11","Dr. Corbett  Talor Galloway  Anna Poston  Noah Corbett","14:25:00","8:34:00",5.0,16.0,40.0,80.0,300.0,10.0,120.0,240.0,,,,,,,"GIS #8",15:51:00
aug2017_T12,2017-08-04 0:00:00,"T12","Dr. Corbett  Talor Galloway  Anna Poston  Noah Corbett","14:25:00","8:34:00",10.0,14.0,0.0,80.0,300.0,20.0,80.0,120.0,,30.0,,,,,"GIS #7",16:00:00
aug2017_T13,2017-08-04 0:00:00,"T13","Dr. Corbett  Talor Galloway  Anna Poston  Noah Corbett","14:25:00","8:34:00",20.0,13.0,20.0,80.0,200.0,10.0,120.0,200.0,,20.0,,,,,"GIS #8",16:06:00
aug2017_T14,2017-08-04 0:00:00,"T14","Dr. Corbett  Talor Galloway  Anna Poston  Noah Corbett","14:25:00","8:34:00",10.0,10.0,10.0,80.0,300.0,10.0,40.0,160.0,,20.0,,,,,"GIS #8",16:13:00
aug2017_T15,2017-08-04 0:00:00,"T15","Dr. Corbett  Talor Galloway  Anna Poston  Noah Corbett","14:25:00","8:34:00",10.0,18.0,40.0,80.0,280.0,20.0,80.0,220.0,,20.0,82.0,71.0,"2",30.0,,16:23:00
aug2017_T16,2017-08-04 0:00:00,"T16","Dr. Corbett  Talor Galloway  Anna Poston  Noah Corbett","14:25:00","8:34:00",3.0,13.0,40.0,80.0,300.0,20.0,40.0,160.0,,20.0,80.0,71.0,"2",30.0,,16:39:00
aug2017_T2,2017-08-04 0:00:00,"T2","Dr. Corbett  Talor Galloway  Anna Poston  Noah Corbett","14:25:00","8:34:00",5.0,12.0,40.0,160.0,300.0,40.0,80.0,240.0,30.0,30.0,,,,,"GIS #11",13:43:00
aug2017_T3,2017-08-04 0:00:00,"T3","Dr. Corbett  Talor Galloway  Anna Poston  Noah Corbett","14:25:00","8:34:00",2.0,11.0,40.0,120.0,300.0,40.0,80.0,160.0,14.0,25.0,,,,,,13:55:00
aug2017_T4,2017-08-04 0:00:00,"T4","Dr. Corbett  Talor Galloway  Anna Poston  Noah Corbett","14:25:00","8:34:00",0.0,9.0,40.0,80.0,200.0,40.0,120.0,200.0,,25.0,,,,,,14:29:00
aug2017_T5,2017-08-04 0:00:00,"T5","Dr. Corbett  Talor Galloway  Anna Poston  Noah Corbett","14:25:00","8:34:00",0.0,16.0,80.0,200.0,240.0,40.0,120.0,240.0,,20.0,82.0,75.0,"2",30.0,,14:42:00
aug2017_T6,2017-08-04 0:00:00,"T6","Dr. Corbett  Talor Galloway  Anna Poston  Noah Corbett","14:25:00","8:34:00",0.0,11.0,40.0,120.0,240.0,40.0,120.0,160.0,14.0,40.0,,,,,"GIS #9",14:58:00
aug2017_T7,2017-08-04 0:00:00,"T7","Dr. Corbett  Talor Galloway  Anna Poston  Noah Corbett","14:25:00","8:34:00",5.0,9.0,40.0,160.0,300.0,40.0,120.0,240.0,,15.0,,,,,"GIS #7",15:16:00
aug2017_T8,2017-08-04 0:00:00,"T8","Dr. Corbett  Talor Galloway  Anna Poston  Noah Corbett","14:25:00","8:34:00",5.0,9.0,20.0,40.0,200.0,40.0,80.0,160.0,18.0,30.0,,,,,,15:23:00
aug2017_T9,2017-08-04 0:00:00,"T9","Dr. Corbett  Talor Galloway  Anna Poston  Noah Corbett","14:25:00","8:34:00",5.0,13.0,20.0,60.0,360.0,10.0,160.0,240.0,24.0,30.0,,,,,"GIS #16",15:32:00
feb2016_C1,2016-02-17 0:00:00,"C1","D.R.Corbett  K.Garmire  B.Jennings  R.Harrison","10:07:00","15:55:00",0.0,17.0,40.0,120.0,0.0,40.0,120.0,260.0,,30.0,48.0,43.0,"3-4",35.0,"mid C76;",12:24:00
feb2016_C10,2016-02-17 0:00:00,"C10","D.R.Corbett  K.Garmire  B.Jennings  R.Harrison","10:07:00","15:55:00",2.0,50.0,20.0,160.0,349.0,40.0,60.0,90.0,,100.0,62.0,43.0,"3-4",34.0,"mid C23",10:40:00
feb2016_C11,2016-02-17 0:00:00,"C11","D.R.Corbett  K.Garmire  B.Jennings  R.Harrison","10:07:00","15:55:00",3.0,70.0,10.0,120.0,500.0,10.0,80.0,220.0,,100.0,50.0,39.0,"3-4",34.0,"mid C11",10:05:00
feb2016_C2,2016-02-17 0:00:00,"C2","D.R.Corbett  K.Garmire  B.Jennings  R.Harrison","10:07:00","15:55:00",5.0,17.0,20.0,160.0,420.0,20.0,110.0,160.0,,30.0,,,,,"mid C67;",12:13:00
feb2016_C3,2016-02-17 0:00:00,"C3","D.R.Corbett  K.Garmire  B.Jennings  R.Harrison","10:07:00","15:55:00",5.0,17.0,40.0,220.0,0.0,30.0,150.0,100.0,,40.0,,,,,"mid C59;",12:01:00
feb2016_C4,2016-02-17 0:00:00,"C4","D.R.Corbett  K.Garmire  B.Jennings  R.Harrison","10:07:00","15:55:00",4.0,50.0,60.0,160.0,220.0,20.0,60.0,100.0,,40.0,,,,,"mid C52;",11:52:00
feb2016_C5,2016-02-17 0:00:00,"C5","D.R.Corbett  K.Garmire  B.Jennings  R.Harrison","10:07:00","15:55:00",7.0,24.0,40.0,150.0,440.0,10.0,30.0,80.0,,50.0,51.0,44.0,"3-4",34.0,"mid NONE",11:42:00
feb2016_C6,2016-02-17 0:00:00,"C6","D.R.Corbett  K.Garmire  B.Jennings  R.Harrison","10:07:00","15:55:00",3.0,23.0,60.0,999.0,999.0,20.0,70.0,260.0,,50.0,,,,,"mid NONE;
swash compaction at 6in and 12in maxed out",11:32:00
feb2016_C7,2016-02-17 0:00:00,"C7","D.R.Corbett  K.Garmire  B.Jennings  R.Harrison","10:07:00","15:55:00",9.0,38.0,0.0,70.0,360.0,40.0,160.0,280.0,,70.0,,,,,"mid NONE",11:21:00
feb2016_C8,2016-02-17 0:00:00,"C8","D.R.Corbett  K.Garmire  B.Jennings  R.Harrison","10:07:00","15:55:00",11.0,18.0,30.0,220.0,400.0,30.0,120.0,330.0,8.0,,,,,,"mid C34",11:13:00
feb2016_C9,2016-02-17 0:00:00,"C9","D.R.Corbett  K.Garmire  B.Jennings  R.Harrison","10:07:00","15:55:00",9.0,15.0,60.0,140.0,999.0,20.0,100.0,170.0,,,,,,,"mid C30;
swash compaction at 12in maxed out",11:00:00
feb2016_T1,2016-02-17 0:00:00,"T1","D.R.Corbett  K.Garmire  B.Jennings  R.Harrison","10:07:00","15:55:00",15.0,16.0,30.0,180.0,350.0,,,,,40.0,52.0,46.0,"4",35.0,"midbeach trimble point (mid) C82",
feb2016_T10,2016-02-17 0:00:00,"T10","D.R.Corbett  K.Garmire  B.Jennings  R.Harrison","10:07:00","15:55:00",5.0,26.0,70.0,200.0,470.0,30.0,130.0,160.0,,30.0,47.0,44.0,"3-4",36.0,"mid C127",14:12:00
feb2016_T11,2016-02-17 0:00:00,"T11","D.R.Corbett  K.Garmire  B.Jennings  R.Harrison","10:07:00","15:55:00",5.0,25.0,10.0,160.0,999.0,20.0,140.0,300.0,,50.0,,,,,"mid C134;
swash compaction at 12in maxed out",14:20:00
feb2016_T12,2016-02-17 0:00:00,"T12","D.R.Corbett  K.Garmire  B.Jennings  R.Harrison","10:07:00","15:55:00",7.0,17.0,60.0,150.0,120.0,40.0,80.0,230.0,,60.0,,,,,"mid C141",14:27:00
feb2016_T13,2016-02-17 0:00:00,"T13","D.R.Corbett  K.Garmire  B.Jennings  R.Harrison","10:07:00","15:55:00",2.0,18.0,20.0,20.0,430.0,50.0,120.0,200.0,,65.0,,,,,"mid C147",14:34:00
feb2016_T14,2016-02-17 0:00:00,"T14","D.R.Corbett  K.Garmire  B.Jennings  R.Harrison","10:07:00","15:55:00",5.0,21.0,20.0,140.0,220.0,60.0,60.0,170.0,,50.0,,,,,"mid C152",14:40:00
feb2016_T15,2016-02-17 0:00:00,"T15","D.R.Corbett  K.Garmire  B.Jennings  R.Harrison","10:07:00","15:55:00",0.0,22.0,20.0,180.0,429.0,30.0,40.0,80.0,,60.0,45.0,43.0,"3-4",35.0,"mid NONE",14:46:00
feb2016_T16,2016-02-17 0:00:00,"T16","D.R.Corbett  K.Garmire  B.Jennings  R.Harrison","10:07:00","15:55:00",1.0,16.0,60.0,140.0,160.0,40.0,100.0,330.0,,50.0,46.0,42.0,"3-4",35.0,"mid C160;",14:52:00
feb2016_T2,2016-02-17 0:00:00,"T2","D.R.Corbett  K.Garmire  B.Jennings  R.Harrison","10:07:00","15:55:00",1.0,21.0,40.0,90.0,260.0,20.0,80.0,80.0,,40.0,,,,,"mid C89",13:01:00
feb2016_T3,2016-02-17 0:00:00,"T3","D.R.Corbett  K.Garmire  B.Jennings  R.Harrison","10:07:00","15:55:00",4.0,16.0,50.0,60.0,160.0,20.0,170.0,160.0,,40.0,,,,,"mid C95",13:12:00
feb2016_T4,2016-02-17 0:00:00,"T4","D.R.Corbett  K.Garmire  B.Jennings  R.Harrison","10:07:00","15:55:00",15.0,21.0,40.0,230.0,999.0,20.0,120.0,100.0,,50.0,,,,,"mid C90",13:18:00
feb2016_T5,2016-02-17 0:00:00,"T5","D.R.Corbett  K.Garmire  B.Jennings  R.Harrison","10:07:00","15:55:00",2.0,16.0,50.0,200.0,510.0,20.0,120.0,100.0,,75.0,42.0,34.0,"3-4",36.0,"mid C97",13:39:00
feb2016_T6,2016-02-17 0:00:00,"T6","D.R.Corbett  K.Garmire  B.Jennings  R.Harrison","10:07:00","15:55:00",5.0,22.0,80.0,220.0,999.0,40.0,100.0,48.0,,70.0,,,,,"mid C103;
swash compaction at 12in maxed out",13:43:00
feb2016_T7,2016-02-17 0:00:00,"T7","D.R.Corbett  K.Garmire  B.Jennings  R.Harrison","10:07:00","15:55:00",4.0,25.0,60.0,300.0,999.0,20.0,90.0,70.0,,70.0,,,,,"mid C109;
swash compaction at 12in maxed out",13:51:00
feb2016_T8,2016-02-17 0:00:00,"T8","D.R.Corbett  K.Garmire  B.Jennings  R.Harrison","10:07:00","15:55:00",8.0,18.0,20.0,700.0,520.0,40.0,140.0,320.0,,70.0,,,,,"mid C116",13:59:00
feb2016_T9,2016-02-17 0:00:00,"T9","D.R.Corbett  K.Garmire  B.Jennings  R.Harrison","10:07:00","15:55:00",3.0,22.0,40.0,40.0,400.0,30.0,80.0,160.0,,70.0,,,,,"mid C122",14:06:00
feb2017_C1,2017-02-19 0:00:00,"C1","D. Corbett  C. Cornette  R. Gibbons  N. Kelly","7:50:00","13:34:00",10.0,13.0,40.0,180.0,300.0,30.0,140.0,150.0,20.0,20.0,64.0,47.0,"1",32.0,"pics: 644-646; mid point trimble: 8",12:15:00
feb2017_C10,2017-02-19 0:00:00,"C10","D. Corbett  C. Cornette  R. Gibbons  N. Kelly","7:50:00","13:34:00",5.0,8.0,30.0,120.0,180.0,30.0,70.0,200.0,,30.0,59.0,46.0,"1",32.0,"pics: 616-619; mid point trimble: 12",22:50:00
feb2017_C11,2017-02-19 0:00:00,"C11","D. Corbett  C. Cornette  R. Gibbons  N. Kelly","7:50:00","13:34:00",5.0,9.0,60.0,180.0,300.0,40.0,150.0,210.0,,20.0,59.0,45.0,"1",33.0,"pics: 612-614; mid point trimble: mid",22:27:00
feb2017_C2,2017-02-19 0:00:00,"C2","D. Corbett  C. Cornette  R. Gibbons  N. Kelly","7:50:00","13:34:00",5.0,12.0,40.0,140.0,300.0,20.0,60.0,180.0,0.0,30.0,,,,,"pics: 641-643; mid point trimble: 6",12:05:00
feb2017_C3,2017-02-19 0:00:00,"C3","D. Corbett  C. Cornette  R. Gibbons  N. Kelly","7:50:00","13:34:00",5.0,10.0,40.0,240.0,300.0,30.0,100.0,200.0,0.0,20.0,,,,,"pics: 638-640; mid point trimble: 4",23:55:00
feb2017_C4,2017-02-19 0:00:00,"C4","D. Corbett  C. Cornette  R. Gibbons  N. Kelly","7:50:00","13:34:00",10.0,12.0,60.0,240.0,300.0,20.0,60.0,100.0,0.0,30.0,,,,,"pics: 635-637; mid point trimble: 5",23:50:00
feb2017_C5,2017-02-19 0:00:00,"C5","D. Corbett  C. Cornette  R. Gibbons  N. Kelly","7:50:00","13:34:00",5.0,,60.0,240.0,300.0,40.0,80.0,140.0,0.0,,65.0,46.0,"1",32.0,"pics: 632-634; mid point trimble: 6",23:40:00
feb2017_C6,2017-02-19 0:00:00,"C6","D. Corbett  C. Cornette  R. Gibbons  N. Kelly","7:50:00","13:34:00",5.0,15.0,40.0,100.0,140.0,30.0,200.0,300.0,30.0,,,,"1",,"pics: 629-631; mid point trimble: 6",23:30:00
feb2017_C7,2017-02-19 0:00:00,"C7","D. Corbett  C. Cornette  R. Gibbons  N. Kelly","7:50:00","13:34:00",10.0,13.0,40.0,180.0,300.0,30.0,100.0,300.0,,20.0,,,,,"pics: 626-628; mid point trimble: 6",23:23:00
feb2017_C8,2017-02-19 0:00:00,"C8","D. Corbett  C. Cornette  R. Gibbons  N. Kelly","7:50:00","13:34:00",10.0,10.0,40.0,200.0,300.0,20.0,140.0,280.0,,15.0,,,,,"pics: 623-625; mid point trimble: 6",23:12:00
feb2017_C9,2017-02-19 0:00:00,"C9","D. Corbett  C. Cornette  R. Gibbons  N. Kelly","7:50:00","13:34:00",15.0,5.0,60.0,180.0,230.0,20.0,140.0,180.0,,20.0,,,,,"pics: 620-622; mid point trimble: 7",23:00:00
feb2017_T1,2017-02-19 0:00:00,"T1","D. Corbett  C. Cornette  R. Gibbons  N. Kelly","7:50:00","13:34:00",5.0,14.0,40.0,180.0,300.0,20.0,100.0,240.0,,30.0,62.0,48.0,"1",32.0,"pics: 647-649; mid point trimble: 8",12:42:00
feb2017_T10,2017-02-19 0:00:00,"T10","D. Corbett  C. Cornette  R. Gibbons  N. Kelly","7:50:00","13:34:00",5.0,13.0,30.0,60.0,220.0,30.0,100.0,140.0,,30.0,70.0,45.0,"2",30.0,"pics: 674-676; mid point trimble: 6",13:45:00
feb2017_T11,2017-02-19 0:00:00,"T11","D. Corbett  C. Cornette  R. Gibbons  N. Kelly","7:50:00","13:34:00",10.0,21.0,20.0,80.0,280.0,40.0,100.0,200.0,,30.0,,,,,"pics: 677-679; mid point trimble: 7",13:55:00
feb2017_T12,2017-02-19 0:00:00,"T12","D. Corbett  C. Cornette  R. Gibbons  N. Kelly","7:50:00","13:34:00",10.0,14.0,40.0,180.0,300.0,40.0,120.0,240.0,,30.0,,,,,"pics: 680-682; mid point trimble: 6",14:02:00
feb2017_T13,2017-02-19 0:00:00,"T13","D. Corbett  C. Cornette  R. Gibbons  N. Kelly","7:50:00","13:34:00",5.0,17.0,40.0,180.0,300.0,20.0,80.0,120.0,,20.0,,,,,"pics: 683-685; mid point trimble: 6",14:10:00
feb2017_T14,2017-02-19 0:00:00,"T14","D. Corbett  C. Cornette  R. Gibbons  N. Kelly","7:50:00","13:34:00",2.0,13.0,20.0,80.0,240.0,20.0,60.0,120.0,,30.0,,,,,"pics: 686-688; mid point trimble: 6",14:18:00
feb2017_T15,2017-02-19 0:00:00,"T15","D. Corbett  C. Cornette  R. Gibbons  N. Kelly","7:50:00","13:34:00",5.0,12.0,40.0,120.0,300.0,40.0,100.0,240.0,,20.0,66.0,47.0,"2",30.0,"pics: 689-691; mid point trimble: 5",14:23:00
feb2017_T16,2017-02-19 0:00:00,"T16","D. Corbett  C. Cornette  R. Gibbons  N. Kelly","7:50:00","13:34:00",10.0,15.0,40.0,200.0,300.0,20.0,60.0,140.0,,20.0,64.0,47.0,"2",32.0,"pics: 692-694; mid point trimble: 5",14:30:00
feb2017_T2,2017-02-19 0:00:00,"T2","D. Corbett  C. Cornette  R. Gibbons  N. Kelly","7:50:00","13:34:00",5.0,15.0,20.0,220.0,300.0,20.0,100.0,280.0,,30.0,,,,,"pics: 650-652; mid point trimble: 8",12:51:00
feb2017_T3,2017-02-19 0:00:00,"T3","D. Corbett  C. Cornette  R. Gibbons  N. Kelly","7:50:00","13:34:00",5.0,13.0,60.0,160.0,300.0,20.0,80.0,140.0,16.0,20.0,,,,,"pics: 653-655; mid point trimble: 9",13:00:00
feb2017_T4,2017-02-19 0:00:00,"T4","D. Corbett  C. Cornette  R. Gibbons  N. Kelly","7:50:00","13:34:00",10.0,15.0,40.0,200.0,300.0,20.0,100.0,240.0,,30.0,,,,,"pics: 656-658; mid point trimble: 7",13:05:00
feb2017_T5,2017-02-19 0:00:00,"T5","D. Corbett  C. Cornette  R. Gibbons  N. Kelly","7:50:00","13:34:00",10.0,18.0,60.0,160.0,300.0,40.0,100.0,220.0,,30.0,62.0,48.0,"1",32.0,"pics: 659-661; mid point trimble: 6",13:12:00
feb2017_T6,2017-02-19 0:00:00,"T6","D. Corbett  C. Cornette  R. Gibbons  N. Kelly","7:50:00","13:34:00",3.0,11.0,60.0,120.0,300.0,60.0,100.0,220.0,,20.0,,,,,"pics: 662-664; mid point trimble: 7",13:19:00
feb2017_T7,2017-02-19 0:00:00,"T7","D. Corbett  C. Cornette  R. Gibbons  N. Kelly","7:50:00","13:34:00",10.0,10.0,40.0,180.0,300.0,20.0,180.0,280.0,,30.0,,,,,"pics: 665-667; mid point trimble: 8",13:26:00
feb2017_T8,2017-02-19 0:00:00,"T8","D. Corbett  C. Cornette  R. Gibbons  N. Kelly","7:50:00","13:34:00",10.0,17.0,20.0,100.0,280.0,20.0,160.0,240.0,,30.0,,,,,"pics: 668-670; mid point trimble: 6",13:33:00
feb2017_T9,2017-02-19 0:00:00,"T9","D. Corbett  C. Cornette  R. Gibbons  N. Kelly","7:50:00","13:34:00",5.0,14.0,20.0,140.0,280.0,50.0,140.0,280.0,,30.0,,,,,"pics: 671-673; mid point trimble: 6",13:40:00
jul2014_C1,2014-07-14 0:00:00,"C1","K. Fair  E. Vann  J.Miller","5:16:00","10:51:00",8.0,15.0,10.0,50.0,210.0,,,,,40.0,86.0,76.0,"3",33.0,,
jul2014_C10,2014-07-14 0:00:00,"C10","K. Fair  E. Vann  J.Miller","5:16:00","10:51:00",5.0,19.0,10.0,80.0,490.0,,,,0.0,,,,,,,
jul2014_C11,2014-07-14 0:00:00,"C11","K. Fair  E. Vann  J.Miller","5:16:00","10:51:00",6.0,12.0,10.0,50.0,230.0,,,,0.0,15.0,88.0,72.0,"2",32.0,,
jul2014_C2,2014-07-14 0:00:00,"C2","K. Fair  E. Vann  J.Miller","5:16:00","10:51:00",9.0,17.0,10.0,110.0,160.0,,,,,,,,,,,
jul2014_C3,2014-07-14 0:00:00,"C3","K. Fair  E. Vann  J.Miller","5:16:00","10:51:00",8.0,14.0,10.0,90.0,250.0,,,,,,86.0,76.0,"3",31.0,,
jul2014_C4,2014-07-14 0:00:00,"C4","K. Fair  E. Vann  J.Miller","5:16:00","10:51:00",9.0,18.0,10.0,50.0,100.0,,,,,,,,,,,
jul2014_C5,2014-07-14 0:00:00,"C5","K. Fair  E. Vann  J.Miller","5:16:00","10:51:00",6.0,18.0,10.0,50.0,30.0,,,,,,,,,,,
jul2014_C6,2014-07-14 0:00:00,"C6","K. Fair  E. Vann  J.Miller","5:16:00","10:51:00",7.0,16.0,20.0,150.0,450.0,,,,,,86.0,78.0,"3",34.0,,
jul2014_C7,2014-07-14 0:00:00,"C7","K. Fair  E. Vann  J.Miller","5:16:00","10:51:00",5.0,18.0,10.0,90.0,150.0,,,,,,,,,,,
jul2014_C8,2014-07-14 0:00:00,"C8","K. Fair  E. Vann  J.Miller","5:16:00","10:51:00",5.0,16.0,10.0,50.0,60.0,,,,,,,,,,,
jul2014_C9,2014-07-14 0:00:00,"C9","K. Fair  E. Vann  J.Miller","5:16:00","10:51:00",5.0,14.0,10.0,100.0,400.0,,,,0.0,,86.0,74.0,"2",30.0,,
jul2014_T1,2014-07-14 0:00:00,"T1","K. Fair  J. Miller  S. Overman","4:26:00","9:57:00",2.0,17.0,10.0,40.0,120.0,,,,,50.0,88.0,65.0,"2",32.0,,
jul2014_T10,2014-07-14 0:00:00,"T10","K. Fair  J. Miller  S. Overman","4:26:00","9:57:00",5.0,,20.0,90.0,350.0,,,,,40.0,,,,,,
jul2014_T11,2014-07-14 0:00:00,"T11","K. Fair  J. Miller  S. Overman","4:26:00","9:57:00",10.0,13.0,30.0,120.0,310.0,,,,,50.0,,,,,,
jul2014_T12,2014-07-14 0:00:00,"T12","K. Fair  J. Miller  S. Overman","4:26:00","9:57:00",5.0,11.0,50.0,250.0,480.0,,,,,30.0,89.0,61.0,"1",30.0,,
jul2014_T13,2014-07-14 0:00:00,"T13","K. Fair  J. Miller  S. Overman","4:26:00","9:57:00",10.0,13.0,40.0,250.0,500.0,,,,,30.0,,,,,,
jul2014_T14,2014-07-14 0:00:00,"T14","K. Fair  J. Miller  S. Overman","4:26:00","9:57:00",6.0,13.0,60.0,270.0,600.0,,,,,35.0,,,,,"sandbag area",
jul2014_T15,2014-07-14 0:00:00,"T15","K. Fair  J. Miller  S. Overman","4:26:00","9:57:00",10.0,10.0,20.0,300.0,700.0,,,,,35.0,91.0,69.0,"1",32.0,"sandbag area",
jul2014_T16,2014-07-14 0:00:00,"T16","K. Fair  J. Miller  S. Overman","4:26:00","9:57:00",9.0,12.0,50.0,450.0,700.0,,,,,40.0,91.0,70.0,"1",32.0,"just inside boundary (less than 1/2 mile?)",
jul2014_T2,2014-07-14 0:00:00,"T2","K. Fair  J. Miller  S. Overman","4:26:00","9:57:00",3.0,20.0,20.0,50.0,120.0,,,,0.0,,,,,,,
jul2014_T3,2014-07-14 0:00:00,"T3","K. Fair  J. Miller  S. Overman","4:26:00","9:57:00",11.0,12.0,10.0,50.0,110.0,,,,0.0,40.0,90.0,66.0,"2",33.0,,
jul2014_T4,2014-07-14 0:00:00,"T4","K. Fair  J. Miller  S. Overman","4:26:00","9:57:00",4.0,16.0,10.0,50.0,150.0,,,,,45.0,,,,,,
jul2014_T5,2014-07-14 0:00:00,"T5","K. Fair  J. Miller  S. Overman","4:26:00","9:57:00",6.0,15.0,10.0,100.0,175.0,,,,,50.0,,,,,,
jul2014_T6,2014-07-14 0:00:00,"T6","K. Fair  J. Miller  S. Overman","4:26:00","9:57:00",7.0,13.0,10.0,90.0,180.0,,,,,30.0,88.0,64.0,"1",32.0,,
jul2014_T7,2014-07-14 0:00:00,"T7","K. Fair  J. Miller  S. Overman","4:26:00","9:57:00",9.0,13.0,10.0,110.0,170.0,,,,,35.0,,,,,,
jul2014_T8,2014-07-14 0:00:00,"T8","K. Fair  J. Miller  S. Overman","4:26:00","9:57:00",5.0,16.0,20.0,50.0,250.0,,,,,35.0,,,,,,
jul2014_T9,2014-07-14 0:00:00,"T9","K. Fair  J. Miller  S. Overman","4:26:00","9:57:00",8.0,18.0,30.0,120.0,450.0,,,,,25.0,90.0,64.0,"1",35.0,,
may2016_C1,2016-05-10 0:00:00,"C1","R. Corbett  K. Garmire  R. Gibbons  J. Chase  C. Seyfried","8:10:00","13:42:00",,18.0,20.0,160.0,300.0,10.0,80.0,130.0,,30.0,63.0,62.0,"2-3",36.0,,23:00:00
may2016_C10,2016-05-10 0:00:00,"C10","R. Corbett  K. Garmire  R. Gibbons  J. Chase  C. Seyfried","8:10:00","13:42:00",,19.0,20.0,180.0,220.0,40.0,140.0,200.0,,50.0,76.0,60.0,"2-3",30.0,,21:54:00
may2016_C11,2016-05-10 0:00:00,"C11","R. Corbett  K. Garmire  R. Gibbons  J. Chase  C. Seyfried","8:10:00","13:42:00",,11.0,20.0,140.0,180.0,20.0,140.0,180.0,,,76.0,61.0,"2-3",30.0,,21:23:00
may2016_C2,2016-05-10 0:00:00,"C2","R. Corbett  K. Garmire  R. Gibbons  J. Chase  C. Seyfried","8:10:00","13:42:00",,18.0,20.0,140.0,300.0,0.0,60.0,60.0,,40.0,,,,,,22:55:00
may2016_C3,2016-05-10 0:00:00,"C3","R. Corbett  K. Garmire  R. Gibbons  J. Chase  C. Seyfried","8:10:00","13:42:00",,17.0,10.0,200.0,300.0,10.0,60.0,240.0,,,,,,,,22:50:00
may2016_C4,2016-05-10 0:00:00,"C4","R. Corbett  K. Garmire  R. Gibbons  J. Chase  C. Seyfried","8:10:00","13:42:00",,14.0,30.0,220.0,300.0,10.0,200.0,280.0,,55.0,,,,,,22:43:00
may2016_C5,2016-05-10 0:00:00,"C5","R. Corbett  K. Garmire  R. Gibbons  J. Chase  C. Seyfried","8:10:00","13:42:00",,18.0,20.0,220.0,300.0,20.0,80.0,140.0,,,61.0,63.0,"2-3",35.0,"Point S3 on top of dune scarp",22:20:00
may2016_C6,2016-05-10 0:00:00,"C6","R. Corbett  K. Garmire  R. Gibbons  J. Chase  C. Seyfried","8:10:00","13:42:00",,11.0,0.0,100.0,260.0,0.0,100.0,130.0,,,,,,,,22:27:00
may2016_C7,2016-05-10 0:00:00,"C7","R. Corbett  K. Garmire  R. Gibbons  J. Chase  C. Seyfried","8:10:00","13:42:00",,11.0,10.0,60.0,240.0,30.0,160.0,200.0,,50.0,,,,,,22:30:00
may2016_C8,2016-05-10 0:00:00,"C8","R. Corbett  K. Garmire  R. Gibbons  J. Chase  C. Seyfried","8:10:00","13:42:00",,19.0,10.0,140.0,240.0,10.0,160.0,280.0,,,,,,,,22:13:00
may2016_C9,2016-05-10 0:00:00,"C9","R. Corbett  K. Garmire  R. Gibbons  J. Chase  C. Seyfried","8:10:00","13:42:00",,17.0,20.0,100.0,160.0,30.0,120.0,220.0,,,,,,,,22:06:00
may2016_T1,2016-05-10 0:00:00,"T1","R. Corbett  K. Garmire  R. Gibbons  J. Chase  C. Seyfried","8:10:00","13:42:00",,16.0,10.0,90.0,240.0,10.0,80.0,120.0,,30.0,66.0,60.0,"2-3",36.0,,11:15:00
may2016_T10,2016-05-10 0:00:00,"T10","R. Corbett  K. Garmire  R. Gibbons  J. Chase  C. Seyfried","8:10:00","13:42:00",,12.0,40.0,160.0,300.0,40.0,200.0,120.0,,20.0,66.0,61.0,"2-3",35.0,"PPK: offset error --> elevations 0.9 m higher than they should be --> fix in post processing",0:45:00
may2016_T11,2016-05-10 0:00:00,"T11","R. Corbett  K. Garmire  R. Gibbons  J. Chase  C. Seyfried","8:10:00","13:42:00",,13.0,80.0,160.0,300.0,20.0,100.0,180.0,,20.0,,,,,"PPK: offset error --> elevations 0.9 m higher than they should be --> fix in post processing",0:50:00
may2016_T12,2016-05-10 0:00:00,"T12","R. Corbett  K. Garmire  R. Gibbons  J. Chase  C. Seyfried","8:10:00","13:42:00",,18.0,40.0,180.0,280.0,60.0,180.0,240.0,,25.0,,,,,,13:00:00
may2016_T13,2016-05-10 0:00:00,"T13","R. Corbett  K. Garmire  R. Gibbons  J. Chase  C. Seyfried","8:10:00","13:42:00",,17.0,40.0,180.0,300.0,20.0,120.0,220.0,,15.0,,,,,,13:10:00
may2016_T14,2016-05-10 0:00:00,"T14","R. Corbett  K. Garmire  R. Gibbons  J. Chase  C. Seyfried","8:10:00","13:42:00",,15.0,20.0,160.0,300.0,20.0,100.0,160.0,,25.0,,,,,,13:19:00
may2016_T15,2016-05-10 0:00:00,"T15","R. Corbett  K. Garmire  R. Gibbons  J. Chase  C. Seyfried","8:10:00","13:42:00",,14.0,20.0,140.0,300.0,20.0,180.0,100.0,,20.0,62.0,61.0,"2-3",34.0,,13:29:00
may2016_T16,2016-05-10 0:00:00,"T16","R. Corbett  K. Garmire  R. Gibbons  J. Chase  C. Seyfried","8:10:00","13:42:00",,15.0,20.0,100.0,180.0,20.0,80.0,80.0,,30.0,63.0,60.0,"2-3",35.0,,13:25:00
may2016_T2,2016-05-10 0:00:00,"T2","R. Corbett  K. Garmire  R. Gibbons  J. Chase  C. Seyfried","8:10:00","13:42:00",,12.0,30.0,160.0,300.0,20.0,110.0,120.0,,20.0,,,,,,11:22:00
may2016_T3,2016-05-10 0:00:00,"T3","R. Corbett  K. Garmire  R. Gibbons  J. Chase  C. Seyfried","8:10:00","13:42:00",,11.0,20.0,140.0,280.0,20.0,50.0,100.0,,20.0,,,,,,11:30:00
may2016_T4,2016-05-10 0:00:00,"T4","R. Corbett  K. Garmire  R. Gibbons  J. Chase  C. Seyfried","8:10:00","13:42:00",,12.0,20.0,140.0,300.0,10.0,80.0,220.0,,20.0,,,,,,11:35:00
may2016_T5,2016-05-10 0:00:00,"T5","R. Corbett  K. Garmire  R. Gibbons  J. Chase  C. Seyfried","8:10:00","13:42:00",,13.0,40.0,160.0,280.0,0.0,80.0,240.0,,20.0,64.0,60.0,"2-3",36.0,,11:42:00
may2016_T6,2016-05-10 0:00:00,"T6","R. Corbett  K. Garmire  R. Gibbons  J. Chase  C. Seyfried","8:10:00","13:42:00",,12.0,20.0,80.0,300.0,20.0,200.0,300.0,,20.0,,,,,"berm",0:10:00
may2016_T7,2016-05-10 0:00:00,"T7","R. Corbett  K. Garmire  R. Gibbons  J. Chase  C. Seyfried","8:10:00","13:42:00",,11.0,40.0,120.0,300.0,20.0,80.0,200.0,,25.0,,,,,,0:15:00
may2016_T8,2016-05-10 0:00:00,"T8","R. Corbett  K. Garmire  R. Gibbons  J. Chase  C. Seyfried","8:10:00","13:42:00",,18.0,30.0,140.0,300.0,20.0,120.0,200.0,,20.0,,,,,,0:15:00
may2016_T9,2016-05-10 0:00:00,"T9","R. Corbett  K. Garmire  R. Gibbons  J. Chase  C. Seyfried","8:10:00","13:42:00",,18.0,20.0,200.0,300.0,30.0,100.0,280.0,,20.0,,,,,,0:30:00
oct2015_C1,2015-10-20 0:00:00,"C1","K. Fair  D. Stewart  J.P. Walsh  D.R. Corbett  K. Garmire","7:08:00","13:38:00",3.0,23.0,20.0,30.0,260.0,,,,0.0,75.0,69.0,62.0,"3",75.0,"atypical bar",
oct2015_C10,2015-10-20 0:00:00,"C10","K. Fair  D. Stewart  J.P. Walsh  D.R. Corbett  K. Garmire","7:08:00","13:38:00",3.0,30.0,10.0,160.0,200.0,,,,0.0,250.0,64.0,60.0,"2",27.0,,
oct2015_C11,2015-10-20 0:00:00,"C11","K. Fair  D. Stewart  J.P. Walsh  D.R. Corbett  K. Garmire","7:08:00","13:38:00",0.0,40.0,10.0,160.0,220.0,,,,0.0,250.0,61.0,64.0,"2",27.0,,
oct2015_C2,2015-10-20 0:00:00,"C2","K. Fair  D. Stewart  J.P. Walsh  D.R. Corbett  K. Garmire","7:08:00","13:38:00",5.0,10.0,20.0,40.0,280.0,,,,0.0,40.0,,,,,,
oct2015_C3,2015-10-20 0:00:00,"C3","K. Fair  D. Stewart  J.P. Walsh  D.R. Corbett  K. Garmire","7:08:00","13:38:00",1.0,23.0,5.0,120.0,400.0,,,,0.0,40.0,,,,,,
oct2015_C4,2015-10-20 0:00:00,"C4","K. Fair  D. Stewart  J.P. Walsh  D.R. Corbett  K. Garmire","7:08:00","13:38:00",3.0,17.0,10.0,20.0,180.0,,,,0.0,50.0,,,,,,
oct2015_C5,2015-10-20 0:00:00,"C5","K. Fair  D. Stewart  J.P. Walsh  D.R. Corbett  K. Garmire","7:08:00","13:38:00",5.0,28.0,10.0,120.0,220.0,,,,0.0,0.0,71.0,66.0,"2",30.0,"attached bar",
oct2015_C6,2015-10-20 0:00:00,"C6","K. Fair  D. Stewart  J.P. Walsh  D.R. Corbett  K. Garmire","7:08:00","13:38:00",10.0,12.0,20.0,120.0,360.0,,,,0.0,60.0,,,,,,
oct2015_C7,2015-10-20 0:00:00,"C7","K. Fair  D. Stewart  J.P. Walsh  D.R. Corbett  K. Garmire","7:08:00","13:38:00",7.0,11.0,20.0,340.0,480.0,,,,0.0,40.0,,,,,,
oct2015_C8,2015-10-20 0:00:00,"C8","K. Fair  D. Stewart  J.P. Walsh  D.R. Corbett  K. Garmire","7:08:00","13:38:00",10.0,31.0,20.0,100.0,520.0,,,,0.0,0.0,,,,,"attached bar",
oct2015_C9,2015-10-20 0:00:00,"C9","K. Fair  D. Stewart  J.P. Walsh  D.R. Corbett  K. Garmire","7:08:00","13:38:00",2.0,25.0,5.0,240.0,360.0,,,,0.0,40.0,,,,,,
oct2015_T1,2015-10-20 0:00:00,"T1","K. Fair  D. Stewart  J.P. Walsh  D.R. Corbett  K. Garmire","7:08:00","13:38:00",3.0,23.0,10.0,180.0,560.0,,,,0.0,80.0,69.0,62.0,"3",31.0,,
oct2015_T10,2015-10-20 0:00:00,"T10","K. Fair  D. Stewart  J.P. Walsh  D.R. Corbett  K. Garmire","7:08:00","13:38:00",10.0,14.0,0.0,80.0,220.0,,,,0.0,80.0,71.0,63.0,"3",31.0,,
oct2015_T11,2015-10-20 0:00:00,"T11","K. Fair  D. Stewart  J.P. Walsh  D.R. Corbett  K. Garmire","7:08:00","13:38:00",7.0,13.0,0.0,30.0,80.0,,,,0.0,60.0,,,,,,
oct2015_T12,2015-10-20 0:00:00,"T12","K. Fair  D. Stewart  J.P. Walsh  D.R. Corbett  K. Garmire","7:08:00","13:38:00",2.0,14.0,0.0,100.0,360.0,,,,0.0,60.0,,,,,,
oct2015_T13,2015-10-20 0:00:00,"T13","K. Fair  D. Stewart  J.P. Walsh  D.R. Corbett  K. Garmire","7:08:00","13:38:00",12.0,16.0,0.0,100.0,180.0,,,,0.0,60.0,,,,,,
oct2015_T14,2015-10-20 0:00:00,"T14","K. Fair  D. Stewart  J.P. Walsh  D.R. Corbett  K. Garmire","7:08:00","13:38:00",5.0,15.0,20.0,150.0,290.0,,,,0.0,80.0,,,,,,
oct2015_T15,2015-10-20 0:00:00,"T15","K. Fair  D. Stewart  J.P. Walsh  D.R. Corbett  K. Garmire","7:08:00","13:38:00",3.0,13.0,0.0,40.0,150.0,,,,0.0,100.0,71.0,66.0,"2",32.0,,
oct2015_T16,2015-10-20 0:00:00,"T16","K. Fair  D. Stewart  J.P. Walsh  D.R. Corbett  K. Garmire","7:08:00","13:38:00",10.0,13.0,0.0,40.0,320.0,,,,0.0,70.0,71.0,66.0,"2",32.0,,
oct2015_T2,2015-10-20 0:00:00,"T2","K. Fair  D. Stewart  J.P. Walsh  D.R. Corbett  K. Garmire","7:08:00","13:38:00",5.0,13.0,20.0,40.0,360.0,,,,0.0,50.0,,,,,,
oct2015_T3,2015-10-20 0:00:00,"T3","K. Fair  D. Stewart  J.P. Walsh  D.R. Corbett  K. Garmire","7:08:00","13:38:00",10.0,12.0,0.0,180.0,320.0,,,,0.0,100.0,,,,,,
oct2015_T4,2015-10-20 0:00:00,"T4","K. Fair  D. Stewart  J.P. Walsh  D.R. Corbett  K. Garmire","7:08:00","13:38:00",5.0,13.0,0.0,40.0,260.0,,,,0.0,100.0,,,,,,
oct2015_T5,2015-10-20 0:00:00,"T5","K. Fair  D. Stewart  J.P. Walsh  D.R. Corbett  K. Garmire","7:08:00","13:38:00",5.0,15.0,0.0,100.0,260.0,,,,0.0,80.0,72.0,15.0,"3",31.0,,
oct2015_T6,2015-10-20 0:00:00,"T6","K. Fair  D. Stewart  J.P. Walsh  D.R. Corbett  K. Garmire","7:08:00","13:38:00",3.0,14.0,0.0,100.0,200.0,,,,0.0,100.0,,,,,,
oct2015_T7,2015-10-20 0:00:00,"T7","K. Fair  D. Stewart  J.P. Walsh  D.R. Corbett  K. Garmire","7:08:00","13:38:00",7.0,20.0,10.0,220.0,300.0,,,,0.0,80.0,,,,,,
oct2015_T8,2015-10-20 0:00:00,"T8","K. Fair  D. Stewart  J.P. Walsh  D.R. Corbett  K. Garmire","7:08:00","13:38:00",8.0,14.0,10.0,100.0,80.0,,,,0.0,80.0,,,,,,
oct2015_T9,2015-10-20 0:00:00,"T9","K. Fair  D. Stewart  J.P. Walsh  D.R. Corbett  K. Garmire","7:08:00","13:38:00",3.0,14.0,0.0,120.0,60.0,,,,0.0,50.0,,,,,"tidal pool, no water",
oct2016_C1,2016-10-13 0:00:00,"C1","Corbett  Walsh  Connery  Cornette  Chase","11:29:00","17:44:00",2.0,26.0,40.0,200.0,300.0,40.0,120.0,160.0,,140.0,72.0,67.0,"4-6",25.0,"3 pictures taken at 12:02.  Distance to: Bar = 143 Dune toe = 50 Dune Crest = 65 (m).  Dune height = 6.8 (m)",11:57:00
oct2016_C10,2016-10-13 0:00:00,"C10","Corbett  Walsh  Connery  Cornette  Chase","11:29:00","17:44:00",5.0,69.0,20.0,100.0,300.0,30.0,180.0,300.0,,150.0,70.0,66.0,"5-7",25.0,"3 pictures taken at 9:57.",9:50:00
oct2016_C11,2016-10-13 0:00:00,"C11","Corbett  Walsh  Connery  Cornette  Chase","11:29:00","17:44:00",5.0,70.0,20.0,100.0,220.0,40.0,200.0,280.0,,150.0,70.0,66.0,"5-7",25.0,"3 pictures taken at 9:44.",9:25:00
oct2016_C2,2016-10-13 0:00:00,"C2","Corbett  Walsh  Connery  Cornette  Chase","11:29:00","17:44:00",5.0,29.0,40.0,140.0,280.0,30.0,80.0,140.0,24.0,110.0,,,,,"3 pictures taken at 11:51.  Distance to: Bar = 110 Dune toe = 44 Dune Crest = 58 (m).  Dune height = 7.4 (m)",11:45:00
oct2016_C3,2016-10-13 0:00:00,"C3","Corbett  Walsh  Connery  Cornette  Chase","11:29:00","17:44:00",2.0,23.0,60.0,140.0,300.0,30.0,60.0,160.0,,145.0,,,,,"3 pictures taken at 11:37.  Distance to: Bar = 145 Dune toe = 34 Dune Crest = 50 (m).  Dune height = 6.2 (m)",11:30:00
oct2016_C4,2016-10-13 0:00:00,"C4","Corbett  Walsh  Connery  Cornette  Chase","11:29:00","17:44:00",5.0,15.0,60.0,180.0,300.0,40.0,100.0,100.0,,,,,,,"3 pictures taken at 11:25.  Distance to: Bar = 150 Dune toe = 30 Dune Crest = 48 (m).  Dune height = 6.5 (m)",11:20:00
oct2016_C5,2016-10-13 0:00:00,"C5","Corbett  Walsh  Connery  Cornette  Chase","11:29:00","17:44:00",10.0,25.0,30.0,140.0,300.0,20.0,20.0,60.0,36.0,150.0,72.0,67.0,"5-7",25.0,"3 pictures taken at 11:08.  Distance to: Bar = 150 Dune toe = 15 Dune Crest = 22 (m).  Dune height = 8 (m)",11:06:00
oct2016_C6,2016-10-13 0:00:00,"C6","Corbett  Walsh  Connery  Cornette  Chase","11:29:00","17:44:00",5.0,24.0,60.0,140.0,280.0,20.0,80.0,140.0,24.0,160.0,,,,,"3 pictures taken at 10:54.  Distance to: Bar = 160 Dune toe = 18 Dune Crest = 24 (m).  Dune height = 5.5 (m)",10:50:00
oct2016_C7,2016-10-13 0:00:00,"C7","Corbett  Walsh  Connery  Cornette  Chase","11:29:00","17:44:00",7.0,37.0,20.0,200.0,300.0,20.0,100.0,160.0,,160.0,,,,,"3 pictures taken at 10:39.  Distance to: Bar = 160 Dune toe = 28 Dune Crest = 40 (m).  Dune height = 10 (m)  Dead turtle",10:35:00
oct2016_C8,2016-10-13 0:00:00,"C8","Corbett  Walsh  Connery  Cornette  Chase","11:29:00","17:44:00",7.0,44.0,60.0,160.0,300.0,40.0,200.0,300.0,,150.0,,,,,"3 pictures taken at 10:23.  Distance to: Bar = 150 Dune toe = 34 Dune Crest = 43 (m).  Dune height = 6.0 (m)",10:20:00
oct2016_C9,2016-10-13 0:00:00,"C9","Corbett  Walsh  Connery  Cornette  Chase","11:29:00","17:44:00",2.0,67.0,40.0,100.0,280.0,40.0,160.0,300.0,,120.0,,,,,"3 pictures taken at 10:13.  Distance to: Bar = 120 Dune toe = 75 Dune Crest = 113 (m).  Dune height = 8.0 (m)",10:05:00
oct2016_T1,2016-10-13 0:00:00,"T1","Corbett  Walsh  Connery  Cornette  Chase","11:29:00","17:44:00",5.0,25.0,40.0,160.0,300.0,30.0,100.0,280.0,,130.0,74.0,66.0,"5-7",25.0,"3 pictures taken at 12:29.  Distance to: Bar = 130 Dune toe = 32 Dune Crest = 42 (m).  Dune height = 3.4 (m)",12:25:00
oct2016_T10,2016-10-13 0:00:00,"T10","Corbett  Walsh  Connery  Cornette  Chase","11:29:00","17:44:00",5.0,27.0,60.0,280.0,300.0,40.0,120.0,300.0,,110.0,75.0,68.0,"5-7",24.0,"3 pictures taken at 14:13.  Distance to: Bar = 110m Dune toe = 31 Dune Crest = 42 (m).  Dune height = 2.8 (m)",14:20:00
oct2016_T11,2016-10-13 0:00:00,"T11","Corbett  Walsh  Connery  Cornette  Chase","11:29:00","17:44:00",2.0,19.0,60.0,240.0,280.0,40.0,100.0,300.0,,140.0,,,,,"3 pictures taken at 14:25.  Distance to: Bar = 140m Dune toe = 31 Dune Crest = 38 (m).  Dune height = 2.6 (m)",14:20:00
oct2016_T12,2016-10-13 0:00:00,"T12","Corbett  Walsh  Connery  Cornette  Chase","11:29:00","17:44:00",2.0,32.0,40.0,180.0,260.0,40.0,120.0,120.0,,115.0,,,,,"3 pictures taken at 14:34.  Distance to: Bar = 115m Dune toe = 43 Dune Crest = 48 (m).  Dune height = 4 (m)",14:30:00
oct2016_T13,2016-10-13 0:00:00,"T13","Corbett  Walsh  Connery  Cornette  Chase","11:29:00","17:44:00",2.0,25.0,60.0,200.0,300.0,40.0,180.0,300.0,,,,,,,"3 pictures taken at 14:44.  Distance to: Bar = 130m Dune toe = 28 Dune Crest = 40 (m).  Dune height = 4 (m)",14:40:00
oct2016_T14,2016-10-13 0:00:00,"T14","Corbett  Walsh  Connery  Cornette  Chase","11:29:00","17:44:00",5.0,20.0,60.0,100.0,300.0,60.0,140.0,220.0,,115.0,,,,,"3 pictures taken at 14:52.  Distance to: Bar = 115m Dune toe = 29 Dune Crest = 33 (m).  Dune height = 1.8 (m)",14:50:00
oct2016_T15,2016-10-13 0:00:00,"T15","Corbett  Walsh  Connery  Cornette  Chase","11:29:00","17:44:00",2.0,20.0,40.0,120.0,280.0,40.0,80.0,120.0,,120.0,74.0,68.0,"5-7",24.0,"3 pictures taken at 15:03.  Distance to: Bar = 120m Dune toe = 12 Dune Crest = 13 (m).  Dune height = 2.2 (m)",15:00:00
oct2016_T16,2016-10-13 0:00:00,"T16","Corbett  Walsh  Connery  Cornette  Chase","11:29:00","17:44:00",3.0,30.0,40.0,80.0,180.0,40.0,140.0,200.0,,110.0,74.0,68.0,"5-7",24.0,"3 pictures taken at 15:09.  Distance to: Bar = 110m Dune toe = 19 Dune Crest = 22 (m).  Dune height = 1.4 (m)",15:06:00
oct2016_T2,2016-10-13 0:00:00,"T2","Corbett  Walsh  Connery  Cornette  Chase","11:29:00","17:44:00",15.0,20.0,60.0,160.0,260.0,40.0,140.0,300.0,,120.0,,,,,"3 pictures taken at 12:41.  Distance to: Bar = 120 Dune toe = 35 Dune Crest = 50 (m).  Dune height = 3.9 (m)",12:36:00
oct2016_T3,2016-10-13 0:00:00,"T3","Corbett  Walsh  Connery  Cornette  Chase","11:29:00","17:44:00",10.0,13.0,40.0,160.0,300.0,20.0,100.0,180.0,,130.0,,,,,"3 pictures taken at 12:52.  Distance to: Bar = 130 Dune toe = 32 Dune Crest = 45 (m).  Dune height = 4.2 (m)  -light overwash location in future",12:50:00
oct2016_T4,2016-10-13 0:00:00,"T4","Corbett  Walsh  Connery  Cornette  Chase","11:29:00","17:44:00",10.0,24.0,60.0,180.0,300.0,60.0,100.0,160.0,,130.0,,,,,"3 pictures taken at 13:04.  Distance to: Bar = 130 Dune toe = 38 Dune Crest = 41 (m).  Dune height = 2.8 (m)  -light overwash location in future",13:00:00
oct2016_T5,2016-10-13 0:00:00,"T5","Corbett  Walsh  Connery  Cornette  Chase","11:29:00","17:44:00",7.0,25.0,40.0,180.0,300.0,60.0,120.0,300.0,,130.0,74.0,66.0,"5-7",22.0,"3 pictures taken at 13:18.  Distance to: Bar = 130m Dune toe = 40 Dune Crest =48 (m).  Dune height = 1 (m)  Small crab",13:12:00
oct2016_T6,2016-10-13 0:00:00,"T6","Corbett  Walsh  Connery  Cornette  Chase","11:29:00","17:44:00",2.0,25.0,40.0,220.0,300.0,40.0,160.0,300.0,,110.0,,,,,"3 pictures taken at 13:28.  Distance to: Bar = 110m Dune toe = 35 Dune Crest =48 (m).  Dune height = 1.8 (m)  Small crab",13:25:00
oct2016_T7,2016-10-13 0:00:00,"T7","Corbett  Walsh  Connery  Cornette  Chase","11:29:00","17:44:00",2.0,21.0,60.0,180.0,300.0,60.0,100.0,240.0,,,,,,,"3 pictures taken at 13:40.  Distance to: Bar = 106m Dune toe = 41 Dune Crest =46 (m).  Dune height = 1.8 (m)  Small crab",13:35:00
oct2016_T8,2016-10-13 0:00:00,"T8","Corbett  Walsh  Connery  Cornette  Chase","11:29:00","17:44:00",2.0,36.0,60.0,240.0,300.0,60.0,200.0,280.0,,150.0,,,,,"3 pictures taken at 13:51.  Distance to: Bar = 150m Dune toe = 27 Dune Crest =31 (m).  Dune height = 2.0 (m)",13:50:00
oct2016_T9,2016-10-13 0:00:00,"T9","Corbett  Walsh  Connery  Cornette  Chase","11:29:00","17:44:00",2.0,23.0,80.0,220.0,300.0,60.0,140.0,280.0,,100.0,,,,,"3 pictures taken at 14:03.  Distance to: Bar = 100m Dune toe = 36 Dune Crest = 41 (m).  Dune height = 2.8 (m)",14:00:00
sep2014_C1,2014-09-29 0:00:00,"C1","K. Fair  J. Miller","16:43:00","10:42:00",7.0,14.0,20.0,150.0,530.0,,,,0.0,35.0,72.0,73.0,"2",29.0,,
sep2014_C10,2014-09-29 0:00:00,"C10","K. Fair  J. Miller","16:43:00","10:42:00",6.0,15.0,5.0,350.0,450.0,,,,0.0,20.0,72.0,73.0,"2",27.0,"nearly attached bar",
sep2014_C11,2014-09-29 0:00:00,"C11","K. Fair  J. Miller","16:43:00","10:42:00",6.0,14.0,30.0,370.0,500.0,,,,0.0,20.0,72.0,76.0,"2",30.0,"nearly attached bar",
sep2014_C2,2014-09-29 0:00:00,"C2","K. Fair  J. Miller","16:43:00","10:42:00",5.0,,10.0,280.0,500.0,,,,,35.0,,,,,,
sep2014_C3,2014-09-29 0:00:00,"C3","K. Fair  J. Miller","16:43:00","10:42:00",5.0,24.0,30.0,250.0,400.0,,,,0.0,40.0,,,,,,
sep2014_C4,2014-09-29 0:00:00,"C4","K. Fair  J. Miller","16:43:00","10:42:00",9.0,13.0,30.0,350.0,500.0,,,,0.0,35.0,,,,,,
sep2014_C5,2014-09-29 0:00:00,"C5","K. Fair  J. Miller","16:43:00","10:42:00",9.0,16.0,40.0,250.0,320.0,,,,,25.0,72.0,73.0,"2",26.0,,
sep2014_C6,2014-09-29 0:00:00,"C6","K. Fair  J. Miller","16:43:00","10:42:00",7.0,11.0,50.0,380.0,500.0,,,,0.0,25.0,,,,,,
sep2014_C7,2014-09-29 0:00:00,"C7","K. Fair  J. Miller","16:43:00","10:42:00",7.0,6.0,60.0,450.0,500.0,,,,0.0,8.0,,,,,"nearly attached bar",
sep2014_C8,2014-09-29 0:00:00,"C8","K. Fair  J. Miller","16:43:00","10:42:00",5.0,13.0,60.0,300.0,500.0,,,,0.0,20.0,,,,,"nearly attached bar",
sep2014_C9,2014-09-29 0:00:00,"C9","K. Fair  J. Miller","16:43:00","10:42:00",1.0,22.0,10.0,150.0,250.0,,,,0.0,25.0,,,,,"nearly attached bar",
sep2014_T1,2014-09-29 0:00:00,"T1","K. Fair  J. Miller","16:43:00","10:42:00",7.0,30.0,10.0,160.0,50.0,,,,,,76.0,74.0,"3",27.0,,
sep2014_T10,2014-09-29 0:00:00,"T10","K. Fair  J. Miller","16:43:00","10:42:00",4.0,23.0,20.0,80.0,250.0,,,,22.0,15.0,76.0,76.0,"3",29.0,,
sep2014_T11,2014-09-29 0:00:00,"T11","K. Fair  J. Miller","16:43:00","10:42:00",3.0,24.0,10.0,100.0,160.0,,,,17.0,,,,,,,
sep2014_T12,2014-09-29 0:00:00,"T12","K. Fair  J. Miller","16:43:00","10:42:00",4.0,25.0,10.0,40.0,150.0,,,,22.0,25.0,,,,,,
sep2014_T13,2014-09-29 0:00:00,"T13","K. Fair  J. Miller","16:43:00","10:42:00",5.0,24.0,20.0,210.0,500.0,,,,14.0,20.0,,,,,,
sep2014_T14,2014-09-29 0:00:00,"T14","K. Fair  J. Miller","16:43:00","10:42:00",5.0,15.0,30.0,220.0,240.0,,,,12.0,20.0,,,,,"bulldozer smoothing sand all over beach - MHW to toe",
sep2014_T15,2014-09-29 0:00:00,"T15","K. Fair  J. Miller","16:43:00","10:42:00",5.0,18.0,40.0,230.0,350.0,,,,16.0,15.0,73.0,74.0,"3",30.0,,
sep2014_T16,2014-09-29 0:00:00,"T16","K. Fair  J. Miller","16:43:00","10:42:00",6.0,17.0,40.0,210.0,260.0,,,,,15.0,73.0,73.0,"3",29.0,,
sep2014_T2,2014-09-29 0:00:00,"T2","K. Fair  J. Miller","16:43:00","10:42:00",6.0,21.0,10.0,160.0,500.0,,,,,,,,,,,
sep2014_T3,2014-09-29 0:00:00,"T3","K. Fair  J. Miller","16:43:00","10:42:00",1.0,25.0,10.0,260.0,510.0,,,,,20.0,,,,,,
sep2014_T4,2014-09-29 0:00:00,"T4","K. Fair  J. Miller","16:43:00","10:42:00",4.0,21.0,30.0,200.0,500.0,,,,,30.0,,,,,,
sep2014_T5,2014-09-29 0:00:00,"T5","K. Fair  J. Miller","16:43:00","10:42:00",5.0,23.0,20.0,200.0,500.0,,,,,20.0,74.0,74.0,"3",26.0,,
sep2014_T6,2014-09-29 0:00:00,"T6","K. Fair  J. Miller","16:43:00","10:42:00",4.0,19.0,10.0,220.0,60.0,,,,,,,,,,,
sep2014_T7,2014-09-29 0:00:00,"T7","K. Fair  J. Miller","16:43:00","10:42:00",3.0,30.0,30.0,360.0,200.0,,,,20.0,,,,,,,
sep2014_T8,2014-09-29 0:00:00,"T8","K. Fair  J. Miller","16:43:00","10:42:00",9.0,14.0,19.0,400.0,500.0,,,,19.0,15.0,,,,,,
